begin,end,sub
1491060000,1491060120,2.0
1491087780,1491087900,2.0
1491116760,1491116880,2.0
1491116880,1491117000,2.0
1491119040,1491119160,2.0
1491129840,1491129960,2.0
1491145500,1491145620,2.0
1491153300,1491153420,2.0
1491180600,1491180720,2.0
1491183600,1491183720,2.0
1491189120,1491189240,2.0
1491195060,1491195180,2.0
1491213060,1491213180,2.0
1491220020,1491220140,2.0
1491242220,1491242340,2.0
1491278940,1491279060,2.0
1491296820,1491296940,2.0
1491306540,1491306660,2.0
1491309480,1491309600,2.0
1491329220,1491329340,2.0
1491343800,1491343920,2.0
1491357900,1491358020,2.0
1491364200,1491364320,2.0
1491368400,1491368520,2.0
1491376680,1491376800,2.0
1491376860,1491376980,2.0
1491379620,1491379740,2.0
1491384360,1491384480,2.0
1491398160,1491398280,2.0
1491398820,1491398940,2.0
1491442260,1491442440,3.0
1491458640,1491458760,2.0
1491464160,1491464280,2.0
1491486120,1491486240,2.0
1491493680,1491493800,2.0
1491499740,1491499860,2.0
1491515220,1491515340,2.0
1491519060,1491519180,2.0
1491523560,1491523680,2.0
1491550200,1491550320,2.0
1491564900,1491565020,2.0
1491627480,1491627600,2.0
1491654000,1491654120,2.0
1491663000,1491663120,2.0
1491671280,1491671400,2.0
1491672600,1491672720,2.0
1491678960,1491679080,2.0
1491697620,1491697740,2.0
1491698100,1491698220,2.0
1491700740,1491700860,2.0
1491708600,1491708720,2.0
1491730140,1491730260,2.0
1491733380,1491733500,2.0
1491742680,1491742800,2.0
1491764220,1491764340,2.0
1491808980,1491809100,2.0
1491810120,1491810240,2.0
1491810600,1491810720,2.0
1491826680,1491826860,3.0
1491840360,1491840480,2.0
1491872760,1491872880,2.0
1491898740,1491898860,2.0
1491900780,1491900900,2.0
1491914460,1491914580,2.0
1491927180,1491927360,3.0
1491928680,1491928800,2.0
1491929160,1491929280,2.0
1491931800,1491931920,2.0
1491936120,1491936240,2.0
1491961320,1491961440,2.0
1491963060,1491963180,2.0
1491981420,1491981540,2.0
1491988560,1491988680,2.0
1491995280,1491995400,2.0
1491995580,1491995700,2.0
1491995820,1491995940,2.0
1492001220,1492001340,2.0
1492010700,1492010820,2.0
1492010880,1492011000,2.0
1492053480,1492053600,2.0
1492053720,1492053840,2.0
1492064940,1492065060,2.0
1492067340,1492067460,2.0
1492069800,1492069920,2.0
1492072140,1492072260,2.0
1492082400,1492082520,2.0
1492083660,1492083780,2.0
1492088880,1492089000,2.0
1492092900,1492093020,2.0
1492093200,1492093320,2.0
1492094400,1492094520,2.0
1492094520,1492094640,2.0
1492140600,1492140720,2.0
1492140720,1492140840,2.0
1492144320,1492144440,2.0
1492145760,1492145880,2.0
1492152540,1492152660,2.0
1492155060,1492155180,2.0
1492155360,1492155480,2.0
1492158060,1492158180,2.0
1492174380,1492174500,2.0
1492182180,1492182300,2.0
1492182360,1492182480,2.0
1492183920,1492184040,2.0
1492254120,1492254240,2.0
1492264560,1492264680,2.0
1492275180,1492275300,2.0
1492318860,1492318980,2.0
1492323120,1492323240,2.0
1492323660,1492323780,2.0
1492324260,1492324380,2.0
1492325100,1492325220,2.0
1492326060,1492326180,2.0
1492331040,1492331160,2.0
1492345740,1492345860,2.0
1492347600,1492347720,2.0
1492347780,1492347960,3.0
1492349220,1492349340,2.0
1492349700,1492349820,2.0
1492350960,1492351080,2.0
1492352220,1492352340,2.0
1492352880,1492353000,2.0
1492353060,1492353240,3.0
1492353240,1492353360,2.0
1492353420,1492353540,2.0
1492354260,1492354380,2.0
1492355880,1492356000,2.0
1492359180,1492359300,2.0
1492362660,1492362780,2.0
1492386960,1492387080,2.0
1492389720,1492389840,2.0
1492396140,1492396260,2.0
1492396740,1492396860,2.0
1492399320,1492399440,2.0
1492400220,1492400340,2.0
1492402200,1492402320,2.0
1492403700,1492403820,2.0
1492404660,1492404780,2.0
1492408620,1492408740,2.0
1492408860,1492408980,2.0
1492409040,1492409160,2.0
1492409400,1492409520,2.0
1492410600,1492410720,2.0
1492411320,1492411440,2.0
1492412460,1492412580,2.0
1492419360,1492419480,2.0
1492431300,1492431420,2.0
1492433940,1492434060,2.0
1492439520,1492439640,2.0
1492441140,1492441260,2.0
1492441860,1492441980,2.0
1492444200,1492444320,2.0
1492461120,1492461240,2.0
1492472940,1492473060,2.0
1492474020,1492474140,2.0
1492477560,1492477680,2.0
1492480680,1492480800,2.0
1492480800,1492480920,2.0
1492481700,1492481820,2.0
1492485600,1492485720,2.0
1492486260,1492486380,2.0
1492487460,1492487580,2.0
1492492980,1492493100,2.0
1492493460,1492493580,2.0
1492499220,1492499340,2.0
1492501380,1492501500,2.0
1492503180,1492503300,2.0
1492503660,1492503780,2.0
1492504320,1492504440,2.0
1492512900,1492513020,2.0
1492525260,1492525380,2.0
1492527960,1492528080,2.0
1492538640,1492538760,2.0
1492562040,1492562160,2.0
1492567980,1492568100,2.0
1492569420,1492569540,2.0
1492569720,1492569840,2.0
1492572120,1492572240,2.0
1492579860,1492579980,2.0
1492582140,1492582260,2.0
1492583040,1492583160,2.0
1492585440,1492585560,2.0
1492585680,1492585800,2.0
1492586160,1492586400,4.0
1492590300,1492590480,3.0
1492591140,1492591260,2.0
1492593600,1492593720,2.0
1492597140,1492597260,2.0
1492597560,1492597680,2.0
1492600920,1492601040,2.0
1492611120,1492611240,2.0
1492627860,1492627980,2.0
1492635840,1492635960,2.0
1492637160,1492637280,2.0
1492656480,1492656600,2.0
1492656600,1492656720,2.0
1492658400,1492658520,2.0
1492660680,1492660800,2.0
1492661100,1492661220,2.0
1492670520,1492670640,2.0
1492675260,1492675380,2.0
1492675380,1492675500,2.0
1492679640,1492679760,2.0
1492682760,1492682880,2.0
1492693080,1492693200,2.0
1492694220,1492694340,2.0
1492694640,1492694760,2.0
1492699920,1492700040,2.0
1492740660,1492740780,2.0
1492747980,1492748100,2.0
1492757400,1492757520,2.0
1492758060,1492758180,2.0
1492762500,1492762620,2.0
1492776720,1492776840,2.0
1492776900,1492777020,2.0
1492777260,1492777440,3.0
1492783080,1492783200,2.0
1492786380,1492786500,2.0
1492786500,1492786680,3.0
1492788060,1492788180,2.0
1492791240,1492791360,2.0
1492791480,1492791600,2.0
1492794540,1492794660,2.0
1492812300,1492812420,2.0
1492820220,1492820340,2.0
1492828920,1492829100,3.0
1492830780,1492830900,2.0
1492836300,1492836420,2.0
1492836780,1492836900,2.0
1492839600,1492839720,2.0
1492839840,1492839960,2.0
1492840080,1492840200,2.0
1492844280,1492844400,2.0
1492845900,1492846080,3.0
1492848180,1492848300,2.0
1492853820,1492853940,2.0
1492863660,1492863840,3.0
1492863900,1492864020,2.0
1492868640,1492868760,2.0
1492871580,1492871700,2.0
1492872600,1492872720,2.0
1492884660,1492884780,2.0
1492925880,1492926000,2.0
1492926240,1492926360,2.0
1492926360,1492926480,2.0
1492937760,1492937880,2.0
1492953180,1492953300,2.0
1492954380,1492954500,2.0
1492959900,1492960140,4.0
1492976160,1492976280,2.0
1492976460,1492976580,2.0
1492993860,1492993980,2.0
1492995120,1492995240,2.0
1492997400,1492997520,2.0
1493008620,1493008740,2.0
1493017020,1493017140,2.0
1493020860,1493020980,2.0
1493023680,1493023800,2.0
1493046480,1493046600,2.0
1493058360,1493058480,2.0
1493064120,1493064240,2.0
1493087280,1493087400,2.0
1493088000,1493088120,2.0
1493088240,1493088360,2.0
1493093040,1493093160,2.0
1493110920,1493111040,2.0
1493114820,1493114940,2.0
1493120940,1493121060,2.0
1493133900,1493134020,2.0
1493141940,1493142060,2.0
1493164020,1493164140,2.0
1493190480,1493190600,2.0
1493194440,1493194560,2.0
1493194560,1493194740,3.0
1493197320,1493197440,2.0
1493197440,1493197560,2.0
1493199660,1493199780,2.0
1493206140,1493206260,2.0
1493212620,1493212740,2.0
1493248560,1493248680,2.0
1493259240,1493259360,2.0
1493262060,1493262180,2.0
1493262360,1493262480,2.0
1493271000,1493271120,2.0
1493271660,1493271780,2.0
1493272020,1493272140,2.0
1493273880,1493274060,3.0
1493274120,1493274240,2.0
1493283540,1493283660,2.0
1493294760,1493294880,2.0
1493296740,1493296860,2.0
1493303580,1493303700,2.0
1493304480,1493304600,2.0
1493304840,1493304960,2.0
1493309640,1493309760,2.0
1493347800,1493347920,2.0
1493348700,1493348820,2.0
1493358540,1493358660,2.0
1493366520,1493366640,2.0
1493369340,1493369460,2.0
1493371680,1493371800,2.0
1493380020,1493380140,2.0
1493380920,1493381040,2.0
1493384040,1493384220,3.0
1493410200,1493410320,2.0
1493434800,1493434920,2.0
1493453460,1493453580,2.0
1493457420,1493457540,2.0
1493469600,1493469720,2.0
1493480100,1493480220,2.0
1493481000,1493481120,2.0
1493481120,1493481240,2.0
1493481660,1493481780,2.0
1493482080,1493482200,2.0
1493536440,1493536560,2.0
1493540400,1493540520,2.0
1493540820,1493540940,2.0
1493553060,1493553180,2.0
1493576520,1493576640,2.0
1493611800,1493611920,2.0
1493614140,1493614260,2.0
1493614380,1493614500,2.0
1493634540,1493634660,2.0
1493651100,1493651220,2.0
1493652180,1493652300,2.0
1493652420,1493652540,2.0
1493658360,1493658480,2.0
1493659080,1493659200,2.0
1493675100,1493675220,2.0
1493684820,1493684940,2.0
1493685480,1493685600,2.0
1493692980,1493693100,2.0
1493714820,1493714940,2.0
1493715180,1493715300,2.0
1493715300,1493715420,2.0
1493727060,1493727180,2.0
1493729520,1493729700,3.0
1493772780,1493772960,3.0
1493775360,1493775480,2.0
1493776620,1493776740,2.0
1493780700,1493780820,2.0
1493781180,1493781300,2.0
1493781480,1493781600,2.0
1493784840,1493785020,3.0
1493785860,1493785980,2.0
1493792160,1493792400,4.0
1493792460,1493792580,2.0
1493793720,1493812500,313.0
1493862120,1493862240,2.0
1493870220,1493870340,2.0
1493889480,1493889720,4.0
1493919720,1493919840,2.0
1493921100,1493921220,2.0
1493963280,1493963400,2.0
1493981100,1493981220,2.0
1494040920,1494041040,2.0
1494049140,1494049260,2.0
1494064200,1494064320,2.0
1494070740,1494070860,2.0
1494078120,1494078240,2.0
1494081420,1494081540,2.0
1494087480,1494087600,2.0
1494090240,1494090360,2.0
1494122520,1494122640,2.0
1494149460,1494149580,2.0
1494159960,1494160080,2.0
1494173820,1494173940,2.0
1494179400,1494179520,2.0
1494184620,1494184740,2.0
1494195000,1494195120,2.0
1494202080,1494202200,2.0
1494220980,1494221100,2.0
1494242520,1494242640,2.0
1494275880,1494276000,2.0
1494282540,1494282660,2.0
1494389940,1494390060,2.0
1494396840,1494396960,2.0
1494406920,1494407040,2.0
1494408420,1494408540,2.0
1494412860,1494412980,2.0
1494423780,1494423900,2.0
1494428700,1494428820,2.0
1494437820,1494437940,2.0
1494467640,1494467760,2.0
1494473460,1494473580,2.0
1494481500,1494481620,2.0
1494482700,1494482820,2.0
1494496380,1494496500,2.0
1494504480,1494504600,2.0
1494518580,1494518700,2.0
1494524460,1494524580,2.0
1494531600,1494531720,2.0
1494542820,1494542940,2.0
1494543480,1494543600,2.0
1494549300,1494549420,2.0
1494555780,1494555900,2.0
1494574080,1494574200,2.0
1494575580,1494575700,2.0
1494576420,1494576540,2.0
1494601800,1494601920,2.0
1494603360,1494603480,2.0
1494605040,1494605160,2.0
1494609660,1494609780,2.0
1494610860,1494610980,2.0
1494611160,1494611280,2.0
1494621000,1494621120,2.0
1494627000,1494627120,2.0
1494631860,1494631980,2.0
1494642060,1494642180,2.0
1494643680,1494643800,2.0
1494659040,1494659160,2.0
1494665940,1494666060,2.0
1494675060,1494675180,2.0
1494690960,1494691080,2.0
1494697380,1494697500,2.0
1494716520,1494716640,2.0
1494728760,1494728880,2.0
1494730320,1494730440,2.0
1494740040,1494740160,2.0
1494743100,1494743280,3.0
1494759240,1494759360,2.0
1494759600,1494759720,2.0
1494770580,1494770700,2.0
1494779880,1494780000,2.0
1494780540,1494780660,2.0
1494782100,1494782220,2.0
1494785760,1494785880,2.0
1494790200,1494790320,2.0
1494796800,1494796920,2.0
1494804420,1494804540,2.0
1494805920,1494806040,2.0
1494810300,1494810420,2.0
1494822360,1494822480,2.0
1494825540,1494825660,2.0
1494827040,1494827160,2.0
1494828180,1494828300,2.0
1494829620,1494829740,2.0
1494832740,1494832860,2.0
1494833280,1494833400,2.0
1494835080,1494835200,2.0
1494836040,1494836160,2.0
1494843900,1494844020,2.0
1494853320,1494853440,2.0
1494856080,1494856200,2.0
1494863820,1494863940,2.0
1494865920,1494866040,2.0
1494885240,1494885360,2.0
1494887280,1494887400,2.0
1494888360,1494888480,2.0
1494890340,1494890460,2.0
1494893700,1494893820,2.0
1494897600,1494897720,2.0
1494909960,1494910080,2.0
1494914220,1494914340,2.0
1494919800,1494919920,2.0
1494924060,1494924180,2.0
1494934080,1494934200,2.0
1494952620,1494952740,2.0
1494959460,1494959580,2.0
1494961620,1494961740,2.0
1494961800,1494961920,2.0
1494961920,1494962040,2.0
1494968100,1494968220,2.0
1494986100,1494986220,2.0
1494991020,1494991140,2.0
1495012560,1495012680,2.0
1495020480,1495020600,2.0
1495024200,1495024320,2.0
1495030320,1495030440,2.0
1495034100,1495034220,2.0
1495039800,1495039920,2.0
1495050660,1495050780,2.0
1495050960,1495051080,2.0
1495054080,1495054200,2.0
1495058160,1495058280,2.0
1495070760,1495070880,2.0
1495072080,1495072200,2.0
1495072800,1495072920,2.0
1495074000,1495074120,2.0
1495081080,1495081200,2.0
1495084440,1495084560,2.0
1495086960,1495087080,2.0
1495093680,1495093800,2.0
1495095960,1495096080,2.0
1495096080,1495096200,2.0
1495106100,1495106220,2.0
1495108440,1495108560,2.0
1495111800,1495111920,2.0
1495116480,1495116600,2.0
1495119060,1495119180,2.0
1495126500,1495126620,2.0
1495129080,1495129200,2.0
1495141020,1495141140,2.0
1495142820,1495142940,2.0
1495145280,1495145400,2.0
1495153380,1495153500,2.0
1495158060,1495158180,2.0
1495163340,1495163460,2.0
1495166520,1495166640,2.0
1495169640,1495169820,3.0
1495170240,1495170360,2.0
1495173660,1495173780,2.0
1495176660,1495176780,2.0
1495177380,1495177500,2.0
1495177680,1495177800,2.0
1495178580,1495178700,2.0
1495185720,1495185840,2.0
1495192560,1495192680,2.0
1495192740,1495192860,2.0
1495193040,1495193160,2.0
1495194960,1495195140,3.0
1495199520,1495199640,2.0
1495202700,1495202820,2.0
1495205880,1495206000,2.0
1495208340,1495208460,2.0
1495209180,1495209300,2.0
1495213320,1495213440,2.0
1495223640,1495223760,2.0
1495223760,1495223880,2.0
1495223880,1495224000,2.0
1495224480,1495224600,2.0
1495224720,1495224840,2.0
1495225740,1495225860,2.0
1495229880,1495230000,2.0
1495243980,1495244100,2.0
1495245840,1495245960,2.0
1495251420,1495251540,2.0
1495252200,1495252320,2.0
1495256220,1495256340,2.0
1495258080,1495258200,2.0
1495264920,1495265040,2.0
1495265040,1495265160,2.0
1495266300,1495266420,2.0
1495270560,1495270680,2.0
1495279680,1495279800,2.0
1495290240,1495290360,2.0
1495302240,1495302360,2.0
1495302540,1495302660,2.0
1495312020,1495312140,2.0
1495312440,1495312560,2.0
1495312860,1495312980,2.0
1495316160,1495316280,2.0
1495317300,1495317420,2.0
1495322700,1495322820,2.0
1495326240,1495326360,2.0
1495327440,1495327560,2.0
1495327860,1495327980,2.0
1495329120,1495329240,2.0
1495331220,1495331340,2.0
1495332000,1495332120,2.0
1495339980,1495340100,2.0
1495340160,1495340280,2.0
1495344840,1495344960,2.0
1495346040,1495346160,2.0
1495347840,1495347960,2.0
1495355400,1495355520,2.0
1495356960,1495357080,2.0
1495360500,1495360620,2.0
1495361160,1495361280,2.0
1495364340,1495364460,2.0
1495366200,1495366320,2.0
1495366860,1495366980,2.0
1495367640,1495367760,2.0
1495367820,1495367940,2.0
1495372680,1495372800,2.0
1495374300,1495374420,2.0
1495376640,1495376760,2.0
1495379220,1495379340,2.0
1495403820,1495403940,2.0
1495407420,1495407540,2.0
1495409040,1495409160,2.0
1495416300,1495416420,2.0
1495416420,1495416540,2.0
1495416900,1495417080,3.0
1495417560,1495417680,2.0
1495418700,1495418820,2.0
1495421340,1495421460,2.0
1495422720,1495422840,2.0
1495424280,1495424400,2.0
1495425240,1495425360,2.0
1495434360,1495434480,2.0
1495438200,1495438320,2.0
1495440540,1495440660,2.0
1495446240,1495446360,2.0
1495447140,1495447260,2.0
1495448700,1495448820,2.0
1495457700,1495457820,2.0
1495463400,1495463520,2.0
1495465740,1495465860,2.0
1495470780,1495470900,2.0
1495481340,1495481460,2.0
1495484340,1495484460,2.0
1495485300,1495485420,2.0
1495487880,1495488000,2.0
1495496640,1495496760,2.0
1495498440,1495498560,2.0
1495498920,1495499040,2.0
1495507980,1495508100,2.0
1495509000,1495509120,2.0
1495519920,1495520040,2.0
1495535760,1495535880,2.0
1495539120,1495539240,2.0
1495540680,1495540800,2.0
1495546620,1495546740,2.0
1495559700,1495559820,2.0
1495562880,1495563000,2.0
1495576260,1495576380,2.0
1495576440,1495576620,3.0
1495577940,1495578060,2.0
1495583280,1495583460,3.0
1495584540,1495584660,2.0
1495591140,1495591260,2.0
1495592100,1495592220,2.0
1495593420,1495593540,2.0
1495594080,1495594200,2.0
1495598280,1495598400,2.0
1495599120,1495599240,2.0
1495603440,1495603560,2.0
1495608300,1495608420,2.0
1495610700,1495610820,2.0
1495611120,1495611240,2.0
1495611600,1495611720,2.0
1495613280,1495613400,2.0
1495617960,1495618140,3.0
1495619640,1495619760,2.0
1495628160,1495628280,2.0
1495630320,1495630440,2.0
1495630680,1495630800,2.0
1495637460,1495637580,2.0
1495637700,1495637820,2.0
1495638960,1495639080,2.0
1495639740,1495639860,2.0
1495641360,1495641480,2.0
1495645920,1495646040,2.0
1495654680,1495654800,2.0
1495658760,1495658880,2.0
1495662660,1495662780,2.0
1495667220,1495667340,2.0
1495669080,1495669200,2.0
1495671720,1495671840,2.0
1495680240,1495680360,2.0
1495685340,1495685460,2.0
1495686720,1495686840,2.0
1495693620,1495693740,2.0
1495694700,1495694820,2.0
1495697760,1495697880,2.0
1495702380,1495702500,2.0
1495706100,1495706220,2.0
1495708620,1495708740,2.0
1495710720,1495710840,2.0
1495714020,1495714140,2.0
1495716480,1495716600,2.0
1495721940,1495722060,2.0
1495729200,1495729320,2.0
1495730340,1495730460,2.0
1495730940,1495731060,2.0
1495735500,1495735620,2.0
1495737840,1495737960,2.0
1495738980,1495739100,2.0
1495740720,1495740840,2.0
1495741380,1495741500,2.0
1495742460,1495742580,2.0
1495745100,1495745220,2.0
1495745460,1495745580,2.0
1495746840,1495746960,2.0
1495750440,1495750560,2.0
1495751220,1495751340,2.0
1495754160,1495754280,2.0
1495756860,1495756980,2.0
1495757880,1495758000,2.0
1495758900,1495759020,2.0
1495759140,1495759260,2.0
1495759440,1495759560,2.0
1495771140,1495771260,2.0
1495776360,1495776480,2.0
1495780140,1495780260,2.0
1495784880,1495785000,2.0
1495788240,1495788360,2.0
1495788480,1495788600,2.0
1495791360,1495791480,2.0
1495793280,1495793400,2.0
1495795620,1495795740,2.0
1495800780,1495800900,2.0
1495802760,1495802880,2.0
1495803060,1495803180,2.0
1495807500,1495807620,2.0
1495808220,1495808340,2.0
1495813440,1495813560,2.0
1495819200,1495819320,2.0
1495819380,1495819500,2.0
1495823280,1495823400,2.0
1495828380,1495828500,2.0
1495828920,1495829040,2.0
1495836780,1495836900,2.0
1495841820,1495841940,2.0
1495847280,1495847400,2.0
1495848060,1495848180,2.0
1495849680,1495849800,2.0
1495851960,1495852080,2.0
1495855800,1495855920,2.0
1495857540,1495857660,2.0
1495858020,1495859040,17.0
1495859040,1495860300,21.0
1495863240,1495863360,2.0
1495863420,1495863540,2.0
1495866120,1495866240,2.0
1495867200,1495867320,2.0
1495869000,1495869120,2.0
1495869600,1495869780,3.0
1495871520,1495871640,2.0
1495872240,1495872360,2.0
1495872480,1495872600,2.0
1495877400,1495877520,2.0
1495879800,1495879920,2.0
1495881180,1495881300,2.0
1495881900,1495882020,2.0
1495882920,1495883040,2.0
1495886820,1495886940,2.0
1495893120,1495893240,2.0
1495894320,1495894440,2.0
1495896480,1495896600,2.0
1495897500,1495897620,2.0
1495904160,1495904280,2.0
1495907280,1495907400,2.0
1495917240,1495917360,2.0
1495918020,1495918140,2.0
1495922580,1495922700,2.0
1495923720,1495923840,2.0
1495925160,1495925280,2.0
1495926480,1495926600,2.0
1495927500,1495927620,2.0
1495927620,1495927740,2.0
1495927740,1495927860,2.0
1495935660,1495935780,2.0
1495937340,1495937460,2.0
1495941840,1495941960,2.0
1495946280,1495946400,2.0
1495950420,1495950540,2.0
1495952640,1495952760,2.0
1495953840,1495953960,2.0
1495954680,1495954800,2.0
1495958100,1495958220,2.0
1495959420,1495959540,2.0
1495962660,1495962780,2.0
1495967100,1495967220,2.0
1495969320,1495969440,2.0
1495970220,1495970340,2.0
1495973400,1495973520,2.0
1495977660,1495977780,2.0
1495980720,1495980900,3.0
1495981080,1495981200,2.0
1495981620,1495981740,2.0
1495981800,1495981920,2.0
1495983300,1495983420,2.0
1495983600,1495983720,2.0
1495984680,1495984800,2.0
1495988280,1495988400,2.0
1495990740,1495990860,2.0
1495992360,1495992480,2.0
1495995240,1495995360,2.0
1495997280,1495997400,2.0
1495998600,1495998720,2.0
1496002620,1496002740,2.0
1496005680,1496005800,2.0
1496005800,1496005920,2.0
1496012220,1496012340,2.0
1496013840,1496013960,2.0
1496013960,1496014080,2.0
1496014800,1496014920,2.0
1496016780,1496016900,2.0
1496020740,1496020860,2.0
1496021040,1496021160,2.0
1496022000,1496022120,2.0
1496023800,1496023920,2.0
1496026860,1496026980,2.0
1496032800,1496032920,2.0
1496037960,1496038080,2.0
1496038260,1496038380,2.0
1496044800,1496044920,2.0
1496053860,1496053980,2.0
1496062620,1496062740,2.0
1496062980,1496063100,2.0
1496067180,1496067300,2.0
1496070900,1496071020,2.0
1496072100,1496072220,2.0
1496073480,1496073600,2.0
1496078760,1496078880,2.0
1496080560,1496080680,2.0
1496081580,1496081700,2.0
1496086740,1496086860,2.0
1496086920,1496087040,2.0
1496088240,1496088360,2.0
1496090460,1496090580,2.0
1496100120,1496100240,2.0
1496101740,1496101860,2.0
1496104560,1496104680,2.0
1496105640,1496105760,2.0
1496106660,1496106780,2.0
1496108100,1496108220,2.0
1496109840,1496110020,3.0
1496110800,1496110920,2.0
1496112420,1496112540,2.0
1496120460,1496120580,2.0
1496126940,1496127060,2.0
1496127060,1496127180,2.0
1496138520,1496138640,2.0
1496139000,1496139120,2.0
1496140260,1496140380,2.0
1496143260,1496143380,2.0
1496145300,1496145420,2.0
1496148960,1496149080,2.0
1496152380,1496152500,2.0
1496156280,1496156400,2.0
1496157000,1496157120,2.0
1496157300,1496157420,2.0
1496159640,1496159760,2.0
1496159820,1496159940,2.0
1496161920,1496162040,2.0
1496163900,1496164020,2.0
1496166720,1496166840,2.0
1496169540,1496169660,2.0
1496174820,1496174940,2.0
1496178000,1496178120,2.0
1496179140,1496179260,2.0
1496180700,1496180820,2.0
1496182860,1496182980,2.0
1496183700,1496183820,2.0
1496185020,1496185140,2.0
1496186460,1496186580,2.0
1496186640,1496186760,2.0
1496187960,1496188080,2.0
1496190120,1496190240,2.0
1496192340,1496192460,2.0
1496193000,1496193120,2.0
1496193420,1496193540,2.0
1496193840,1496193960,2.0
1496196480,1496196600,2.0
1496201280,1496201400,2.0
1496212560,1496212680,2.0
1496216460,1496216580,2.0
1496219220,1496219340,2.0
1496219400,1496219520,2.0
1496219580,1496219700,2.0
1496219820,1496219940,2.0
1496227680,1496227800,2.0
1496229120,1496229240,2.0
1496235840,1496235960,2.0
1496237100,1496237280,3.0
1496237280,1496237400,2.0
1496241240,1496241360,2.0
1496244480,1496244600,2.0
1496244720,1496244840,2.0
1496245980,1496246100,2.0
1496246460,1496246580,2.0
1496247720,1496247840,2.0
1496250840,1496250960,2.0
1496256480,1496256600,2.0
1496259360,1496259480,2.0
1496260320,1496260440,2.0
1496264580,1496264700,2.0
1496264940,1496265060,2.0
1496265540,1496265660,2.0
1496270280,1496270400,2.0
1496273340,1496273460,2.0
1496273520,1496273640,2.0
1496277060,1496277180,2.0
1496277240,1496277360,2.0
1496281020,1496281140,2.0
1496281560,1496281680,2.0
1496282640,1496282760,2.0
1496286000,1496286120,2.0
1496289660,1496289780,2.0
1496290320,1496290440,2.0
1496291820,1496291940,2.0
1496292180,1496292300,2.0
1496294760,1496294880,2.0
1496297340,1496297460,2.0
1496297580,1496297700,2.0
1496301180,1496301300,2.0
1496301300,1496301420,2.0
1496302440,1496302560,2.0
1496310720,1496310840,2.0
1496313840,1496313960,2.0
1496315880,1496316000,2.0
1496317380,1496317500,2.0
1496317560,1496317680,2.0
1496320560,1496320680,2.0
1496322900,1496323020,2.0
1496323620,1496323740,2.0
1496324820,1496324940,2.0
1496330340,1496330460,2.0
1496331060,1496331180,2.0
1496335800,1496335920,2.0
1496337600,1496337720,2.0
1496339940,1496340060,2.0
1496342700,1496342820,2.0
1496345100,1496345220,2.0
1496346300,1496346420,2.0
1496346840,1496347020,3.0
1496351820,1496351940,2.0
1496353500,1496353620,2.0
1496353620,1496353740,2.0
1496353800,1496353920,2.0
1496359800,1496359920,2.0
1496363460,1496363580,2.0
1496363760,1496363880,2.0
1496364840,1496365020,3.0
1496365500,1496365620,2.0
1496371140,1496371260,2.0
1496373600,1496373720,2.0
1496376180,1496376300,2.0
1496382540,1496382660,2.0
1496384880,1496385000,2.0
1496386020,1496386140,2.0
1496388180,1496388300,2.0
1496388840,1496388960,2.0
1496392320,1496392440,2.0
1496393460,1496393580,2.0
1496398860,1496399040,3.0
1496406840,1496406960,2.0
1496409900,1496410020,2.0
1496411400,1496411520,2.0
1496412120,1496412240,2.0
1496415900,1496416020,2.0
1496419020,1496419140,2.0
1496420460,1496420580,2.0
1496422740,1496422860,2.0
1496425500,1496425680,3.0
1496427240,1496427360,2.0
1496428320,1496428440,2.0
1496430180,1496430300,2.0
1496432520,1496432640,2.0
1496437860,1496437980,2.0
1496438400,1496438520,2.0
1496439540,1496439660,2.0
1496439780,1496439900,2.0
1496444160,1496444280,2.0
1496448240,1496448360,2.0
1496449260,1496449380,2.0
1496450460,1496450580,2.0
1496450640,1496450760,2.0
1496458800,1496458920,2.0
1496460480,1496460600,2.0
1496460660,1496460780,2.0
1496461200,1496461320,2.0
1496464920,1496465040,2.0
1496465940,1496466060,2.0
1496467380,1496467500,2.0
1496469120,1496469240,2.0
1496469780,1496469900,2.0
1496470620,1496470740,2.0
1496472360,1496472480,2.0
1496474820,1496474940,2.0
1496481120,1496481240,2.0
1496482200,1496482320,2.0
1496482860,1496482980,2.0
1496488080,1496488200,2.0
1496492700,1496492820,2.0
1496500260,1496500380,2.0
1496501400,1496501520,2.0
1496505540,1496505660,2.0
1496511780,1496511900,2.0
1496513040,1496513160,2.0
1496513160,1496513280,2.0
1496518260,1496518380,2.0
1496523120,1496523300,3.0
1496524200,1496524320,2.0
1496526600,1496526720,2.0
1496526720,1496526840,2.0
1496540400,1496540520,2.0
1496541900,1496542020,2.0
1496542080,1496542200,2.0
1496543100,1496543220,2.0
1496546220,1496546340,2.0
1496549940,1496550060,2.0
1496552640,1496552760,2.0
1496552940,1496553060,2.0
1496553960,1496554080,2.0
1496555340,1496555460,2.0
1496555580,1496555700,2.0
1496559120,1496559240,2.0
1496565300,1496565420,2.0
1496566560,1496566680,2.0
1496567280,1496567400,2.0
1496569860,1496569980,2.0
1496571480,1496571600,2.0
1496575380,1496575500,2.0
1496575920,1496576040,2.0
1496576100,1496576220,2.0
1496577060,1496577180,2.0
1496581140,1496581260,2.0
1496582040,1496582160,2.0
1496582340,1496582460,2.0
1496582880,1496583000,2.0
1496583600,1496583720,2.0
1496585760,1496585880,2.0
1496586600,1496586720,2.0
1496587440,1496587560,2.0
1496587560,1496587680,2.0
1496593380,1496593500,2.0
1496593740,1496593860,2.0
1496593980,1496594100,2.0
1496595960,1496596080,2.0
1496598660,1496598780,2.0
1496606760,1496606880,2.0
1496608980,1496609100,2.0
1496610540,1496610660,2.0
1496615880,1496616000,2.0
1496622180,1496622300,2.0
1496627820,1496627940,2.0
1496631000,1496631120,2.0
1496631240,1496631360,2.0
1496639700,1496639940,4.0
1496641560,1496641680,2.0
1496641680,1496641800,2.0
1496642160,1496642280,2.0
1496644980,1496645100,2.0
1496647380,1496647500,2.0
1496650980,1496651100,2.0
1496652840,1496652960,2.0
1496653560,1496653680,2.0
1496655360,1496655480,2.0
1496665440,1496665560,2.0
1496673660,1496673780,2.0
1496676120,1496676240,2.0
1496679540,1496679660,2.0
1496681700,1496681820,2.0
1496683380,1496683500,2.0
1496689800,1496689920,2.0
1496690760,1496690880,2.0
1496692740,1496692860,2.0
1496693880,1496694000,2.0
1496696280,1496696400,2.0
1496697840,1496697960,2.0
1496700540,1496700660,2.0
1496700720,1496700840,2.0
1496701380,1496701500,2.0
1496702760,1496702880,2.0
1496706000,1496706120,2.0
1496708460,1496708580,2.0
1496710440,1496710560,2.0
1496712960,1496713080,2.0
1496715420,1496715540,2.0
1496721000,1496721120,2.0
1496722740,1496722860,2.0
1496725200,1496725320,2.0
1496726220,1496726340,2.0
1496726580,1496726700,2.0
1496734620,1496734740,2.0
1496739120,1496739240,2.0
1496743620,1496743740,2.0
1496746800,1496746920,2.0
1496748060,1496748180,2.0
1496748780,1496748900,2.0
1496749500,1496749620,2.0
1496749920,1496750040,2.0
1496750640,1496750760,2.0
1496751600,1496751720,2.0
1496752500,1496752620,2.0
1496757660,1496757780,2.0
1496760240,1496760360,2.0
1496760600,1496760720,2.0
1496760840,1496760960,2.0
1496763540,1496763660,2.0
1496766600,1496766720,2.0
1496767560,1496767680,2.0
1496769660,1496769780,2.0
1496770140,1496770260,2.0
1496791200,1496791320,2.0
1496800440,1496800560,2.0
1496802300,1496802420,2.0
1496806080,1496806200,2.0
1496808120,1496808240,2.0
1496809680,1496809800,2.0
1496813640,1496813760,2.0
1496815380,1496815500,2.0
1496817480,1496817600,2.0
1496822040,1496822160,2.0
1496823240,1496823360,2.0
1496823480,1496823600,2.0
1496824020,1496824140,2.0
1496826960,1496827080,2.0
1496832660,1496832780,2.0
1496836620,1496836740,2.0
1496838900,1496839020,2.0
1496841720,1496841840,2.0
1496843640,1496843760,2.0
1496845980,1496846100,2.0
1496846100,1496846220,2.0
1496846640,1496846760,2.0
1496847960,1496848080,2.0
1496852100,1496852220,2.0
1496853000,1496853120,2.0
1496859780,1496859900,2.0
1496860560,1496860680,2.0
1496863140,1496863260,2.0
1496863920,1496864040,2.0
1496868840,1496868960,2.0
1496870820,1496870940,2.0
1496874060,1496874180,2.0
1496874240,1496874360,2.0
1496876040,1496876160,2.0
1496876280,1496876400,2.0
1496877840,1496877960,2.0
1496881140,1496881260,2.0
1496883660,1496883780,2.0
1496890260,1496890380,2.0
1496897640,1496897760,2.0
1496897940,1496898060,2.0
1496900640,1496900760,2.0
1496901660,1496901780,2.0
1496901960,1496902080,2.0
1496903400,1496903520,2.0
1496904300,1496904420,2.0
1496906880,1496907000,2.0
1496910720,1496910840,2.0
1496915940,1496916060,2.0
1496920500,1496920620,2.0
1496923320,1496923440,2.0
1496923440,1496923560,2.0
1496925540,1496925660,2.0
1496925780,1496925900,2.0
1496926020,1496926140,2.0
1496930880,1496931000,2.0
1496931120,1496931240,2.0
1496933460,1496933580,2.0
1496950620,1496950740,2.0
1496952600,1496952720,2.0
1496955360,1496955480,2.0
1496965860,1496965980,2.0
1496967900,1496968020,2.0
1496968200,1496968320,2.0
1496968500,1496968620,2.0
1496974920,1496975040,2.0
1496976540,1496976660,2.0
1496982720,1496982840,2.0
1496983860,1496983980,2.0
1496985300,1496985420,2.0
1496990940,1496991120,3.0
1496995080,1496995200,2.0
1496995260,1496995380,2.0
1496996220,1496996340,2.0
1496996940,1496997060,2.0
1496998560,1496998680,2.0
1496998680,1496998800,2.0
1497000540,1497000660,2.0
1497004560,1497004680,2.0
1497004800,1497004920,2.0
1497007200,1497007320,2.0
1497007740,1497007860,2.0
1497014460,1497014580,2.0
1497029040,1497029160,2.0
1497043740,1497043860,2.0
1497044520,1497044640,2.0
1497048420,1497048540,2.0
1497054060,1497054180,2.0
1497054540,1497054660,2.0
1497058680,1497058800,2.0
1497058920,1497059040,2.0
1497059580,1497059700,2.0
1497061680,1497061800,2.0
1497062340,1497062460,2.0
1497064140,1497064320,3.0
1497065820,1497066000,3.0
1497069480,1497069600,2.0
1497069960,1497070080,2.0
1497071460,1497071580,2.0
1497071820,1497071940,2.0
1497072060,1497072180,2.0
1497073200,1497073320,2.0
1497073380,1497073500,2.0
1497079920,1497080040,2.0
1497080340,1497080460,2.0
1497081300,1497081420,2.0
1497084720,1497084900,3.0
1497091080,1497091200,2.0
1497092760,1497092880,2.0
1497094380,1497094500,2.0
1497094500,1497094620,2.0
1497095940,1497096060,2.0
1497098280,1497098400,2.0
1497101640,1497101760,2.0
1497102000,1497102120,2.0
1497103920,1497104040,2.0
1497106080,1497106200,2.0
1497108360,1497108480,2.0
1497109320,1497109440,2.0
1497109920,1497110040,2.0
1497111720,1497111840,2.0
1497111900,1497112020,2.0
1497118080,1497118200,2.0
1497118560,1497118680,2.0
1497119820,1497119940,2.0
1497120720,1497120900,3.0
1497122160,1497122280,2.0
1497123120,1497123240,2.0
1497126840,1497126960,2.0
1497127140,1497127260,2.0
1497127560,1497127680,2.0
1497130500,1497130620,2.0
1497131340,1497131460,2.0
1497135660,1497135780,2.0
1497138900,1497139020,2.0
1497139200,1497139320,2.0
1497141300,1497141420,2.0
1497142320,1497142440,2.0
1497143520,1497143640,2.0
1497149580,1497150000,7.0
1497150060,1497150180,2.0
1497150480,1497150600,2.0
1497150900,1497151020,2.0
1497151500,1497151620,2.0
1497156300,1497156420,2.0
1497157020,1497157140,2.0
1497157920,1497158040,2.0
1497160740,1497160860,2.0
1497166200,1497166320,2.0
1497166380,1497166500,2.0
1497168000,1497168120,2.0
1497169680,1497169800,2.0
1497172380,1497172500,2.0
1497173460,1497173580,2.0
1497175260,1497175380,2.0
1497176040,1497176160,2.0
1497178440,1497178560,2.0
1497179280,1497179400,2.0
1497190500,1497190620,2.0
1497191040,1497191160,2.0
1497192360,1497192480,2.0
1497192660,1497192780,2.0
1497193080,1497193200,2.0
1497193920,1497194040,2.0
1497195000,1497195120,2.0
1497195960,1497196080,2.0
1497197760,1497197880,2.0
1497200520,1497200640,2.0
1497201480,1497201600,2.0
1497204360,1497204480,2.0
1497207180,1497207300,2.0
1497209640,1497209760,2.0
1497212880,1497213000,2.0
1497219540,1497219660,2.0
1497221460,1497221580,2.0
1497223260,1497223380,2.0
1497226740,1497226860,2.0
1497227580,1497227700,2.0
1497228600,1497228720,2.0
1497232260,1497232380,2.0
1497235500,1497235620,2.0
1497236160,1497236280,2.0
1497236940,1497237060,2.0
1497239760,1497239880,2.0
1497240420,1497240540,2.0
1497240540,1497240660,2.0
1497241080,1497241200,2.0
1497241320,1497241440,2.0
1497242160,1497242280,2.0
1497249960,1497250080,2.0
1497250980,1497251160,3.0
1497258540,1497258660,2.0
1497260100,1497260220,2.0
1497266220,1497266340,2.0
1497267480,1497267600,2.0
1497271860,1497271980,2.0
1497272460,1497272580,2.0
1497274380,1497274500,2.0
1497276300,1497276480,3.0
1497279720,1497279840,2.0
1497282360,1497282480,2.0
1497284520,1497284640,2.0
1497289620,1497289740,2.0
1497295980,1497296100,2.0
1497297900,1497298020,2.0
1497298920,1497299040,2.0
1497300840,1497301020,3.0
1497308340,1497308460,2.0
1497308880,1497309000,2.0
1497314040,1497314160,2.0
1497314880,1497315000,2.0
1497323580,1497323700,2.0
1497323820,1497323940,2.0
1497324720,1497324840,2.0
1497325140,1497325260,2.0
1497325920,1497326040,2.0
1497327660,1497327780,2.0
1497332400,1497332520,2.0
1497334740,1497334860,2.0
1497334980,1497335100,2.0
1497338760,1497338880,2.0
1497340620,1497340740,2.0
1497344640,1497344760,2.0
1497344880,1497345000,2.0
1497349680,1497349800,2.0
1497351180,1497351300,2.0
1497353220,1497353340,2.0
1497356280,1497356400,2.0
1497357780,1497357900,2.0
1497358260,1497358380,2.0
1497359880,1497360000,2.0
1497366420,1497366540,2.0
1497367200,1497367320,2.0
1497369480,1497369600,2.0
1497371580,1497371700,2.0
1497374880,1497375000,2.0
1497376200,1497376320,2.0
1497376440,1497376560,2.0
1497377220,1497377340,2.0
1497377760,1497377880,2.0
1497381240,1497381360,2.0
1497381540,1497381660,2.0
1497382080,1497382200,2.0
1497382200,1497382320,2.0
1497389340,1497389460,2.0
1497391620,1497391740,2.0
1497392340,1497392460,2.0
1497393720,1497393840,2.0
1497393900,1497394020,2.0
1497395160,1497395280,2.0
1497401100,1497401220,2.0
1497404580,1497404700,2.0
1497405000,1497405120,2.0
1497405360,1497405480,2.0
1497405960,1497406080,2.0
1497406680,1497406800,2.0
1497407340,1497407460,2.0
1497409800,1497409920,2.0
1497412680,1497412800,2.0
1497414180,1497414300,2.0
1497414480,1497414600,2.0
1497417060,1497417240,3.0
1497418380,1497418500,2.0
1497418740,1497418920,3.0
1497421380,1497421500,2.0
1497423600,1497423720,2.0
1497424260,1497424380,2.0
1497424980,1497425100,2.0
1497426540,1497426660,2.0
1497428220,1497428340,2.0
1497430080,1497430200,2.0
1497430800,1497430920,2.0
1497431820,1497431940,2.0
1497434880,1497435000,2.0
1497435120,1497435240,2.0
1497439140,1497439260,2.0
1497440280,1497440400,2.0
1497442020,1497442140,2.0
1497443160,1497443280,2.0
1497443940,1497444060,2.0
1497445500,1497445620,2.0
1497445800,1497445920,2.0
1497447060,1497447180,2.0
1497449100,1497449220,2.0
1497450360,1497450480,2.0
1497455280,1497455400,2.0
1497456540,1497456660,2.0
1497456960,1497457080,2.0
1497457680,1497457800,2.0
1497458220,1497458340,2.0
1497467700,1497467820,2.0
1497470100,1497470220,2.0
1497470400,1497470520,2.0
1497471360,1497471480,2.0
1497472740,1497472860,2.0
1497479040,1497479160,2.0
1497480060,1497480180,2.0
1497482760,1497482880,2.0
1497483720,1497483840,2.0
1497484980,1497485100,2.0
1497488460,1497488580,2.0
1497491880,1497492000,2.0
1497492780,1497492900,2.0
1497494820,1497494940,2.0
1497497520,1497497640,2.0
1497498120,1497498240,2.0
1497498360,1497498480,2.0
1497498480,1497498600,2.0
1497499080,1497499200,2.0
1497503220,1497503340,2.0
1497507120,1497507240,2.0
1497519540,1497519660,2.0
1497519660,1497519780,2.0
1497521700,1497521820,2.0
1497522000,1497522120,2.0
1497522780,1497522900,2.0
1497525060,1497525180,2.0
1497526440,1497526560,2.0
1497529020,1497529140,2.0
1497530040,1497530160,2.0
1497532560,1497532680,2.0
1497532800,1497532920,2.0
1497533760,1497533880,2.0
1497537480,1497537600,2.0
1497537780,1497537900,2.0
1497539940,1497540060,2.0
1497545520,1497545640,2.0
1497550620,1497550740,2.0
1497552840,1497552960,2.0
1497553200,1497553320,2.0
1497553800,1497553920,2.0
1497553980,1497554100,2.0
1497554460,1497554580,2.0
1497555120,1497555240,2.0
1497559020,1497559140,2.0
1497565140,1497565260,2.0
1497568140,1497568260,2.0
1497568620,1497568740,2.0
1497569340,1497569460,2.0
1497571200,1497571320,2.0
1497571860,1497571980,2.0
1497572160,1497572280,2.0
1497573480,1497573600,2.0
1497574500,1497574620,2.0
1497576060,1497576180,2.0
1497577080,1497577200,2.0
1497581460,1497581580,2.0
1497582420,1497582540,2.0
1497583620,1497583740,2.0
1497586020,1497586140,2.0
1497592200,1497592320,2.0
1497595080,1497595200,2.0
1497596820,1497596940,2.0
1497599580,1497599700,2.0
1497603780,1497603900,2.0
1497604200,1497604320,2.0
1497606540,1497606660,2.0
1497607320,1497607440,2.0
1497607620,1497607740,2.0
1497608460,1497608580,2.0
1497612000,1497612120,2.0
1497613140,1497613260,2.0
1497620280,1497620400,2.0
1497621780,1497621960,3.0
1497622260,1497622380,2.0
1497623100,1497623220,2.0
1497629700,1497629820,2.0
1497630060,1497630180,2.0
1497633000,1497633120,2.0
1497635280,1497635460,3.0
1497638760,1497638880,2.0
1497643800,1497643920,2.0
1497645180,1497645300,2.0
1497645540,1497645660,2.0
1497649500,1497649620,2.0
1497650520,1497650640,2.0
1497650700,1497650820,2.0
1497657480,1497657600,2.0
1497658260,1497658440,3.0
1497659520,1497659640,2.0
1497662820,1497662940,2.0
1497665940,1497666060,2.0
1497666300,1497666420,2.0
1497669480,1497669600,2.0
1497669840,1497669960,2.0
1497671880,1497672000,2.0
1497675840,1497675960,2.0
1497677700,1497677820,2.0
1497678060,1497678180,2.0
1497685140,1497685260,2.0
1497685980,1497686100,2.0
1497693060,1497693240,3.0
1497695280,1497695400,2.0
1497695400,1497695520,2.0
1497696180,1497696300,2.0
1497699420,1497699540,2.0
1497701220,1497701340,2.0
1497705600,1497705720,2.0
1497708360,1497708480,2.0
1497711600,1497711720,2.0
1497712740,1497712860,2.0
1497714060,1497714180,2.0
1497715320,1497715440,2.0
1497716340,1497716460,2.0
1497719160,1497719280,2.0
1497723240,1497723360,2.0
1497723420,1497723540,2.0
1497725280,1497725400,2.0
1497727260,1497727380,2.0
1497728940,1497729060,2.0
1497732120,1497732240,2.0
1497733260,1497733380,2.0
1497737700,1497737820,2.0
1497737880,1497738000,2.0
1497739260,1497739380,2.0
1497739980,1497740100,2.0
1497740460,1497740580,2.0
1497742320,1497742500,3.0
1497742980,1497743100,2.0
1497743580,1497743700,2.0
1497746820,1497746940,2.0
1497746940,1497747060,2.0
1497748320,1497748440,2.0
1497750840,1497750960,2.0
1497751320,1497751440,2.0
1497752340,1497752460,2.0
1497753120,1497753240,2.0
1497753480,1497753600,2.0
1497753900,1497754020,2.0
1497754380,1497754500,2.0
1497758460,1497758580,2.0
1497763380,1497763500,2.0
1497765960,1497766080,2.0
1497778680,1497778800,2.0
1497778860,1497778980,2.0
1497786720,1497786840,2.0
1497787140,1497787260,2.0
1497794040,1497794160,2.0
1497794640,1497794760,2.0
1497796560,1497796680,2.0
1497796740,1497796860,2.0
1497797580,1497797700,2.0
1497801540,1497801660,2.0
1497801900,1497802080,3.0
1497805320,1497805440,2.0
1497806340,1497806460,2.0
1497812940,1497813060,2.0
1497813900,1497814020,2.0
1497815160,1497815280,2.0
1497815340,1497815460,2.0
1497830280,1497830460,3.0
1497831600,1497831720,2.0
1497834480,1497834600,2.0
1497837300,1497837420,2.0
1497837780,1497837900,2.0
1497838920,1497839040,2.0
1497840060,1497840180,2.0
1497842100,1497842220,2.0
1497843540,1497843660,2.0
1497844560,1497844680,2.0
1497844980,1497845100,2.0
1497847380,1497847500,2.0
1497848460,1497848580,2.0
1497849240,1497849360,2.0
1497851520,1497851640,2.0
1497851940,1497852060,2.0
1497852540,1497852660,2.0
1497857160,1497857280,2.0
1497859020,1497859140,2.0
1497863820,1497863940,2.0
1497866340,1497866460,2.0
1497866460,1497866580,2.0
1497866580,1497866700,2.0
1497870060,1497870180,2.0
1497871080,1497871200,2.0
1497871440,1497871560,2.0
1497872520,1497872640,2.0
1497873480,1497873600,2.0
1497875880,1497876000,2.0
1497876960,1497877080,2.0
1497877140,1497877260,2.0
1497878700,1497878820,2.0
1497879120,1497879240,2.0
1497879240,1497879360,2.0
1497888900,1497889020,2.0
1497889800,1497889920,2.0
1497889920,1497890040,2.0
1497893640,1497893760,2.0
1497894420,1497894540,2.0
1497896160,1497896280,2.0
1497898260,1497898380,2.0
1497900600,1497900720,2.0
1497901260,1497901380,2.0
1497901380,1497901500,2.0
1497902880,1497903000,2.0
1497904620,1497904740,2.0
1497907980,1497908100,2.0
1497909060,1497909180,2.0
1497917100,1497917220,2.0
1497918600,1497918720,2.0
1497920520,1497920700,3.0
1497924360,1497924480,2.0
1497924900,1497925080,3.0
1497925560,1497925680,2.0
1497925740,1497925860,2.0
1497926580,1497926700,2.0
1497926820,1497926940,2.0
1497928140,1497928260,2.0
1497934440,1497934560,2.0
1497938280,1497938400,2.0
1497938580,1497938700,2.0
1497939600,1497939720,2.0
1497943080,1497943200,2.0
1497943440,1497943560,2.0
1497943860,1497943980,2.0
1497944160,1497944280,2.0
1497945720,1497945840,2.0
1497946500,1497946620,2.0
1497946920,1497947040,2.0
1497949080,1497949200,2.0
1497950640,1497950760,2.0
1497951540,1497951660,2.0
1497952500,1497952620,2.0
1497954420,1497954540,2.0
1497956160,1497956280,2.0
1497960060,1497960180,2.0
1497961500,1497961620,2.0
1497965520,1497965640,2.0
1497968940,1497969060,2.0
1497969240,1497969360,2.0
1497971580,1497971700,2.0
1497976140,1497976260,2.0
1497976260,1497976380,2.0
1497976800,1497976920,2.0
1497978060,1497978180,2.0
1497979440,1497979560,2.0
1497979680,1497979800,2.0
1497979860,1497979980,2.0
1497980400,1497980520,2.0
1497981720,1497981840,2.0
1497983040,1497983160,2.0
1497983520,1497983640,2.0
1497983880,1497984000,2.0
1497987480,1497987600,2.0
1497988980,1497989100,2.0
1497994380,1497994500,2.0
1497995460,1497995580,2.0
1497996180,1497996300,2.0
1497998280,1497998400,2.0
1497999780,1497999900,2.0
1498000500,1498000620,2.0
1498003380,1498003500,2.0
1498004220,1498004340,2.0
1498005840,1498005960,2.0
1498006800,1498006920,2.0
1498008180,1498008360,3.0
1498009020,1498009200,3.0
1498010820,1498010940,2.0
1498011960,1498012080,2.0
1498014840,1498014960,2.0
1498017660,1498017780,2.0
1498022520,1498022640,2.0
1498027560,1498027680,2.0
1498027980,1498028100,2.0
1498030020,1498030140,2.0
1498031040,1498031160,2.0
1498032840,1498032960,2.0
1498033200,1498033320,2.0
1498038060,1498038180,2.0
1498046400,1498046520,2.0
1498046940,1498047060,2.0
1498047120,1498047240,2.0
1498048260,1498048380,2.0
1498049640,1498049760,2.0
1498054020,1498054140,2.0
1498054980,1498055160,3.0
1498057920,1498058040,2.0
1498060440,1498060620,3.0
1498062660,1498062780,2.0
1498063740,1498063860,2.0
1498064040,1498064160,2.0
1498064820,1498064940,2.0
1498066560,1498066680,2.0
1498069980,1498070100,2.0
1498070100,1498070220,2.0
1498072500,1498072620,2.0
1498078140,1498078260,2.0
1498082040,1498082160,2.0
1498082160,1498082280,2.0
1498086540,1498086660,2.0
1498087440,1498087560,2.0
1498089540,1498089660,2.0
1498092300,1498092420,2.0
1498093800,1498093920,2.0
1498095240,1498095360,2.0
1498097880,1498098000,2.0
1498099200,1498099320,2.0
1498099560,1498099680,2.0
1498100100,1498100220,2.0
1498104720,1498104840,2.0
1498110780,1498110900,2.0
1498112700,1498112820,2.0
1498113060,1498113180,2.0
1498114440,1498114560,2.0
1498118040,1498118160,2.0
1498120080,1498120200,2.0
1498121160,1498121280,2.0
1498123740,1498123860,2.0
1498124580,1498124700,2.0
1498125120,1498125240,2.0
1498125360,1498125480,2.0
1498127100,1498127220,2.0
1498128300,1498128480,3.0
1498129140,1498129260,2.0
1498131060,1498131180,2.0
1498137480,1498137600,2.0
1498138620,1498138740,2.0
1498139100,1498139220,2.0
1498139460,1498139580,2.0
1498139640,1498139760,2.0
1498140420,1498140540,2.0
1498144560,1498144680,2.0
1498146360,1498146480,2.0
1498147020,1498147140,2.0
1498147260,1498147380,2.0
1498148220,1498148340,2.0
1498149960,1498150140,3.0
1498150980,1498151100,2.0
1498154100,1498154220,2.0
1498154460,1498154580,2.0
1498155660,1498155780,2.0
1498155780,1498155900,2.0
1498157220,1498157340,2.0
1498157460,1498157580,2.0
1498159140,1498159260,2.0
1498161300,1498161420,2.0
1498162560,1498162680,2.0
1498164000,1498164120,2.0
1498165080,1498165200,2.0
1498166700,1498166820,2.0
1498169640,1498169760,2.0
1498172460,1498172580,2.0
1498181460,1498181580,2.0
1498182480,1498182600,2.0
1498183680,1498183800,2.0
1498184340,1498184460,2.0
1498186260,1498186380,2.0
1498187100,1498187220,2.0
1498187520,1498187640,2.0
1498189860,1498189980,2.0
1498190160,1498190280,2.0
1498190880,1498191000,2.0
1498191300,1498191420,2.0
1498195740,1498195860,2.0
1498197480,1498197660,3.0
1498198680,1498198800,2.0
1498199520,1498199640,2.0
1498202040,1498202160,2.0
1498204200,1498204320,2.0
1498206900,1498207020,2.0
1498211400,1498211520,2.0
1498212420,1498212540,2.0
1498215120,1498215240,2.0
1498217460,1498217580,2.0
1498219020,1498219140,2.0
1498219380,1498219500,2.0
1498220460,1498220580,2.0
1498221540,1498221660,2.0
1498224000,1498224120,2.0
1498224420,1498224540,2.0
1498224960,1498225080,2.0
1498225260,1498225440,3.0
1498226760,1498226880,2.0
1498227540,1498227660,2.0
1498229400,1498229520,2.0
1498230300,1498230420,2.0
1498231140,1498231260,2.0
1498233840,1498233960,2.0
1498234980,1498235100,2.0
1498235940,1498236060,2.0
1498236300,1498236420,2.0
1498240560,1498240680,2.0
1498240800,1498240920,2.0
1498241760,1498241880,2.0
1498242240,1498242360,2.0
1498244580,1498244700,2.0
1498247700,1498247820,2.0
1498247820,1498247940,2.0
1498251660,1498251780,2.0
1498251840,1498251960,2.0
1498253760,1498253880,2.0
1498254900,1498255020,2.0
1498256520,1498256640,2.0
1498258320,1498258440,2.0
1498259640,1498259760,2.0
1498260120,1498260240,2.0
1498261620,1498261740,2.0
1498263240,1498263360,2.0
1498266780,1498266900,2.0
1498269420,1498269540,2.0
1498269840,1498269960,2.0
1498273320,1498273440,2.0
1498274220,1498274340,2.0
1498278900,1498279020,2.0
1498279200,1498279320,2.0
1498280640,1498280760,2.0
1498282740,1498282920,3.0
1498284300,1498284420,2.0
1498284840,1498284960,2.0
1498285140,1498285260,2.0
1498285500,1498285620,2.0
1498287300,1498287420,2.0
1498293420,1498293600,3.0
1498297620,1498297740,2.0
1498300740,1498300860,2.0
1498301760,1498301880,2.0
1498302300,1498302420,2.0
1498304100,1498304220,2.0
1498307340,1498307460,2.0
1498311540,1498311660,2.0
1498312320,1498312440,2.0
1498315320,1498315440,2.0
1498315560,1498315680,2.0
1498316160,1498316280,2.0
1498317540,1498317660,2.0
1498319760,1498319880,2.0
1498323000,1498323120,2.0
1498323720,1498323840,2.0
1498327740,1498327860,2.0
1498328520,1498328640,2.0
1498329120,1498329240,2.0
1498331520,1498331640,2.0
1498332900,1498333020,2.0
1498333380,1498333500,2.0
1498337580,1498337700,2.0
1498338000,1498338120,2.0
1498338840,1498338960,2.0
1498339380,1498339500,2.0
1498340280,1498340400,2.0
1498343100,1498343220,2.0
1498343640,1498343880,4.0
1498344060,1498344180,2.0
1498344180,1498344300,2.0
1498346160,1498346280,2.0
1498347300,1498347420,2.0
1498348380,1498348500,2.0
1498350240,1498350420,3.0
1498353180,1498353300,2.0
1498355220,1498355340,2.0
1498357440,1498357560,2.0
1498358340,1498358460,2.0
1498359180,1498359300,2.0
1498364460,1498364580,2.0
1498366500,1498366620,2.0
1498366680,1498366800,2.0
1498369260,1498369380,2.0
1498369620,1498369740,2.0
1498371000,1498371120,2.0
1498371240,1498371360,2.0
1498373580,1498373700,2.0
1498375680,1498375800,2.0
1498376100,1498376220,2.0
1498378800,1498378920,2.0
1498382340,1498382460,2.0
1498382760,1498382880,2.0
1498383120,1498383240,2.0
1498386780,1498386900,2.0
1498386960,1498387080,2.0
1498390560,1498390680,2.0
1498392600,1498392720,2.0
1498396620,1498396740,2.0
1498397880,1498398000,2.0
1498398240,1498398360,2.0
1498398960,1498399080,2.0
1498400940,1498401060,2.0
1498404720,1498404840,2.0
1498405800,1498405920,2.0
1498406580,1498406700,2.0
1498406700,1498406820,2.0
1498408500,1498408620,2.0
1498410420,1498410540,2.0
1498418820,1498418940,2.0
1498421400,1498421520,2.0
1498423260,1498423380,2.0
1498426320,1498426440,2.0
1498432920,1498433040,2.0
1498433340,1498433460,2.0
1498435260,1498435380,2.0
1498437420,1498437540,2.0
1498437960,1498438080,2.0
1498443480,1498443600,2.0
1498444920,1498445040,2.0
1498446300,1498446420,2.0
1498447380,1498447500,2.0
1498450920,1498451040,2.0
1498460820,1498460940,2.0
1498462800,1498462920,2.0
1498463220,1498463340,2.0
1498463460,1498463580,2.0
1498464060,1498464180,2.0
1498472820,1498472940,2.0
1498474020,1498474140,2.0
1498475160,1498475280,2.0
1498475400,1498475520,2.0
1498475880,1498476000,2.0
1498476180,1498476360,3.0
1498478400,1498478520,2.0
1498479180,1498479300,2.0
1498480080,1498480200,2.0
1498480560,1498480680,2.0
1498482120,1498482240,2.0
1498484520,1498484640,2.0
1498484760,1498484880,2.0
1498487520,1498487640,2.0
1498489740,1498489860,2.0
1498494420,1498494540,2.0
1498495800,1498495920,2.0
1498496520,1498496640,2.0
1498497420,1498497540,2.0
1498499160,1498499280,2.0
1498499400,1498499520,2.0
1498504080,1498504200,2.0
1498504380,1498504500,2.0
1498505640,1498505760,2.0
1498508160,1498508280,2.0
1498510260,1498510380,2.0
1498511100,1498511220,2.0
1498512540,1498512660,2.0
1498514940,1498515060,2.0
1498516020,1498516140,2.0
1498518300,1498518420,2.0
1498522200,1498522320,2.0
1498522920,1498523040,2.0
1498523340,1498523520,3.0
1498525080,1498525200,2.0
1498526160,1498526280,2.0
1498528440,1498528560,2.0
1498529640,1498529760,2.0
1498530900,1498531020,2.0
1498533000,1498533120,2.0
1498534320,1498534440,2.0
1498539840,1498539960,2.0
1498542060,1498542180,2.0
1498546680,1498546800,2.0
1498548060,1498548180,2.0
1498551900,1498552020,2.0
1498552020,1498552140,2.0
1498555860,1498555980,2.0
1498557060,1498557180,2.0
1498559400,1498559520,2.0
1498560420,1498560540,2.0
1498565100,1498565220,2.0
1498565940,1498566060,2.0
1498567440,1498567560,2.0
1498568280,1498568400,2.0
1498568760,1498568880,2.0
1498571700,1498571820,2.0
1498572660,1498572780,2.0
1498573440,1498573560,2.0
1498574340,1498574460,2.0
1498575240,1498575360,2.0
1498575540,1498575660,2.0
1498575960,1498576080,2.0
1498576140,1498576260,2.0
1498579200,1498579320,2.0
1498579680,1498579800,2.0
1498580460,1498580580,2.0
1498584600,1498584720,2.0
1498589040,1498589160,2.0
1498589520,1498589640,2.0
1498590120,1498590240,2.0
1498590540,1498590660,2.0
1498593600,1498593720,2.0
1498594800,1498594920,2.0
1498596420,1498596540,2.0
1498596600,1498596720,2.0
1498597860,1498597980,2.0
1498600260,1498600380,2.0
1498602360,1498602480,2.0
1498602480,1498602600,2.0
1498602900,1498603020,2.0
1498607880,1498608000,2.0
1498609020,1498609140,2.0
1498611000,1498611120,2.0
1498613460,1498613580,2.0
1498615080,1498615200,2.0
1498615260,1498615380,2.0
1498616520,1498616640,2.0
1498617720,1498617840,2.0
1498618440,1498618560,2.0
1498619940,1498620060,2.0
1498621980,1498622100,2.0
1498622460,1498622580,2.0
1498624380,1498624500,2.0
1498627560,1498627680,2.0
1498627860,1498627980,2.0
1498629780,1498629900,2.0
1498631760,1498631880,2.0
1498632420,1498632540,2.0
1498634160,1498634280,2.0
1498635540,1498635660,2.0
1498636200,1498636320,2.0
1498636440,1498636560,2.0
1498638840,1498638960,2.0
1498639200,1498639320,2.0
1498639500,1498639620,2.0
1498644600,1498644720,2.0
1498644840,1498644960,2.0
1498647600,1498647720,2.0
1498649580,1498649700,2.0
1498649820,1498649940,2.0
1498650240,1498650360,2.0
1498654440,1498654560,2.0
1498655100,1498655220,2.0
1498655580,1498655700,2.0
1498655700,1498655820,2.0
1498662480,1498662660,3.0
1498663140,1498663260,2.0
1498665720,1498665840,2.0
1498668300,1498668420,2.0
1498668480,1498668660,3.0
1498673400,1498673520,2.0
1498675020,1498675140,2.0
1498677780,1498677900,2.0
1498678200,1498678320,2.0
1498685160,1498685340,3.0
1498685520,1498685700,3.0
1498688460,1498688580,2.0
1498688700,1498688820,2.0
1498688880,1498689000,2.0
1498689840,1498689960,2.0
1498693020,1498693140,2.0
1498693320,1498693440,2.0
1498696500,1498696620,2.0
1498698180,1498698300,2.0
1498700160,1498700280,2.0
1498700520,1498700640,2.0
1498700700,1498700820,2.0
1498701780,1498701900,2.0
1498701900,1498702020,2.0
1498704480,1498704600,2.0
1498705020,1498705140,2.0
1498709520,1498709640,2.0
1498713720,1498713840,2.0
1498716480,1498716600,2.0
1498717140,1498717320,3.0
1498720920,1498721040,2.0
1498729200,1498729320,2.0
1498730400,1498730520,2.0
1498730520,1498730640,2.0
1498731360,1498731480,2.0
1498734600,1498734720,2.0
1498735020,1498735140,2.0
1498735800,1498735920,2.0
1498736400,1498736520,2.0
1498740120,1498740240,2.0
1498740240,1498740360,2.0
1498741500,1498741620,2.0
1498745940,1498746060,2.0
1498746180,1498746300,2.0
1498748400,1498748520,2.0
1498749000,1498749120,2.0
1498751220,1498751340,2.0
1498751940,1498752060,2.0
1498752840,1498752960,2.0
1498752960,1498753080,2.0
1498754220,1498754340,2.0
1498756200,1498756320,2.0
1498759140,1498759260,2.0
1498759260,1498759380,2.0
1498760400,1498760520,2.0
1498761000,1498761120,2.0
1498761120,1498761240,2.0
1498764000,1498764120,2.0
1498768080,1498768200,2.0
1498769700,1498769820,2.0
1498776660,1498776780,2.0
1498778340,1498778460,2.0
1498781460,1498781580,2.0
1498784700,1498784820,2.0
1498787160,1498787280,2.0
1498788780,1498788900,2.0
1498790280,1498790400,2.0
1498790820,1498790940,2.0
1498792560,1498792680,2.0
1498792920,1498793040,2.0
1498795140,1498795260,2.0
1498797240,1498797360,2.0
1498797360,1498797480,2.0
1498802040,1498802160,2.0
1498803720,1498803840,2.0
1498805160,1498805280,2.0
1498805520,1498805640,2.0
1498807140,1498807260,2.0
1498807260,1498807380,2.0
1498809480,1498809600,2.0
1498809600,1498809720,2.0
1498810140,1498810260,2.0
1498812540,1498812660,2.0
1498812720,1498812840,2.0
1498818780,1498818900,2.0
1498820100,1498820220,2.0
1498824420,1498824540,2.0
1498825020,1498825140,2.0
1498825500,1498825620,2.0
1498827780,1498827900,2.0
1498828620,1498828740,2.0
1498829820,1498829940,2.0
1498831020,1498831140,2.0
1498831920,1498832040,2.0
1498838160,1498838280,2.0
1498838400,1498838520,2.0
1498839660,1498839780,2.0
1498840140,1498840260,2.0
1498841580,1498841700,2.0
1498841760,1498841880,2.0
1498846560,1498846680,2.0
1498850160,1498850280,2.0
1498853520,1498853640,2.0
1498854600,1498854720,2.0
1498855260,1498855380,2.0
1498856760,1498856940,3.0
1498860480,1498860600,2.0
1498861380,1498861500,2.0
1498868400,1498868520,2.0
1498869780,1498869900,2.0
1498870860,1498870980,2.0
1498871460,1498871580,2.0
1498871760,1498871880,2.0
1498874280,1498874400,2.0
1498875420,1498875540,2.0
1498876860,1498876980,2.0
1498876980,1498877100,2.0
1498878600,1498878720,2.0
1498879200,1498879320,2.0
1498882800,1498882920,2.0
1498883940,1498884060,2.0
1498884420,1498884540,2.0
1498889520,1498889640,2.0
1498892220,1498892340,2.0
1498892400,1498892520,2.0
1498893540,1498893660,2.0
1498895640,1498895760,2.0
1498897980,1498898100,2.0
1498902060,1498902180,2.0
1498903440,1498903560,2.0
1498904400,1498904520,2.0
1498908960,1498909080,2.0
1498912200,1498912320,2.0
1498913040,1498913160,2.0
1498913160,1498913280,2.0
1498914780,1498914900,2.0
1498915080,1498915200,2.0
1498915620,1498915800,3.0
1498917180,1498917300,2.0
1498918680,1498918800,2.0
1498920120,1498920240,2.0
1498920240,1498920360,2.0
1498921560,1498921680,2.0
1498923420,1498923540,2.0
1498925520,1498925640,2.0
1498929000,1498929120,2.0
1498929960,1498930080,2.0
1498933860,1498933980,2.0
1498935600,1498935720,2.0
1498937400,1498937520,2.0
1498937940,1498938060,2.0
1498938840,1498938960,2.0
1498940460,1498940580,2.0
1498946580,1498946700,2.0
1498950060,1498950180,2.0
1498951380,1498951500,2.0
1498952220,1498952400,3.0
1498952940,1498953060,2.0
1498953300,1498953420,2.0
1498954740,1498954860,2.0
1498955460,1498955580,2.0
1498955700,1498955880,3.0
1498956000,1498956120,2.0
1498957920,1498958040,2.0
1498963020,1498963140,2.0
1498963260,1498963380,2.0
1498966080,1498966200,2.0
1498966560,1498966680,2.0
1498967160,1498967280,2.0
1498971540,1498971660,2.0
1498972080,1498972200,2.0
1498973880,1498974000,2.0
1498974000,1498974120,2.0
1498974600,1498974720,2.0
1498975380,1498975500,2.0
1498976880,1498977000,2.0
1498977060,1498977180,2.0
1498978020,1498978140,2.0
1498979520,1498979640,2.0
1498982820,1498982940,2.0
1498984860,1498984980,2.0
1498985820,1498985940,2.0
1498990080,1498990320,4.0
1498993200,1498993320,2.0
1498993860,1498993980,2.0
1498994160,1498994280,2.0
1498996380,1498996500,2.0
1498996620,1498996740,2.0
1498998540,1498998660,2.0
1498999500,1498999620,2.0
1499005020,1499005140,2.0
1499009400,1499009520,2.0
1499011620,1499011740,2.0
1499011920,1499012040,2.0
1499012160,1499012280,2.0
1499012760,1499012880,2.0
1499013420,1499013540,2.0
1499013540,1499013660,2.0
1499016240,1499016360,2.0
1499016420,1499016540,2.0
1499018520,1499018640,2.0
1499019000,1499019120,2.0
1499019600,1499019720,2.0
1499020860,1499020980,2.0
1499023320,1499023440,2.0
1499026080,1499026200,2.0
1499026560,1499026680,2.0
1499026980,1499027100,2.0
1499028840,1499028960,2.0
1499028960,1499029080,2.0
1499035620,1499035740,2.0
1499036220,1499036340,2.0
1499042580,1499042700,2.0
1499043600,1499043720,2.0
1499052720,1499052840,2.0
1499053500,1499053620,2.0
1499053860,1499053980,2.0
1499055420,1499055540,2.0
1499055780,1499055960,3.0
1499056380,1499056500,2.0
1499057880,1499058000,2.0
1499058060,1499058180,2.0
1499058660,1499058780,2.0
1499061720,1499061840,2.0
1499065020,1499065140,2.0
1499069280,1499069400,2.0
1499069640,1499069760,2.0
1499069880,1499070000,2.0
1499076060,1499076180,2.0
1499076600,1499076720,2.0
1499077080,1499077200,2.0
1499079120,1499079240,2.0
1499080080,1499080200,2.0
1499082060,1499082180,2.0
1499082540,1499082660,2.0
1499086020,1499086140,2.0
1499086800,1499086920,2.0
1499088720,1499088840,2.0
1499090820,1499090940,2.0
1499095260,1499095380,2.0
1499095980,1499096100,2.0
1499096460,1499096580,2.0
1499099940,1499100060,2.0
1499101020,1499101140,2.0
1499102460,1499102580,2.0
1499103120,1499103240,2.0
1499103780,1499103900,2.0
1499104080,1499104200,2.0
1499104620,1499104740,2.0
1499105940,1499106060,2.0
1499106480,1499106600,2.0
1499107980,1499108100,2.0
1499108820,1499108940,2.0
1499110080,1499110200,2.0
1499111160,1499111280,2.0
1499114280,1499114400,2.0
1499116320,1499116440,2.0
1499118480,1499118600,2.0
1499119680,1499119800,2.0
1499120700,1499120820,2.0
1499122020,1499122140,2.0
1499122260,1499122380,2.0
1499124840,1499124960,2.0
1499125860,1499126040,3.0
1499126220,1499126340,2.0
1499127600,1499127720,2.0
1499127780,1499127900,2.0
1499131920,1499132040,2.0
1499132400,1499132520,2.0
1499132520,1499132640,2.0
1499133180,1499133300,2.0
1499133660,1499133780,2.0
1499138100,1499138220,2.0
1499140140,1499140260,2.0
1499146680,1499146800,2.0
1499147940,1499148060,2.0
1499152020,1499152140,2.0
1499153400,1499153520,2.0
1499154120,1499154240,2.0
1499154780,1499154900,2.0
1499159580,1499159700,2.0
1499160000,1499160120,2.0
1499161860,1499161980,2.0
1499162100,1499162220,2.0
1499163420,1499163540,2.0
1499170980,1499171100,2.0
1499171160,1499171280,2.0
1499171400,1499171520,2.0
1499177460,1499177580,2.0
1499179080,1499179200,2.0
1499180880,1499181000,2.0
1499181120,1499181240,2.0
1499186160,1499186340,3.0
1499188260,1499188380,2.0
1499191800,1499191920,2.0
1499194620,1499194740,2.0
1499196480,1499196600,2.0
1499197800,1499197920,2.0
1499198220,1499198340,2.0
1499198940,1499199060,2.0
1499199840,1499199960,2.0
1499201760,1499201880,2.0
1499207100,1499207220,2.0
1499208060,1499208180,2.0
1499208480,1499208660,3.0
1499209680,1499209800,2.0
1499218140,1499218260,2.0
1499218860,1499218980,2.0
1499219160,1499219280,2.0
1499219640,1499219760,2.0
1499220000,1499220120,2.0
1499220480,1499220660,3.0
1499220900,1499221020,2.0
1499221080,1499221200,2.0
1499221740,1499221860,2.0
1499223780,1499223900,2.0
1499226600,1499226720,2.0
1499227080,1499227200,2.0
1499227620,1499227740,2.0
1499228280,1499228400,2.0
1499229840,1499229960,2.0
1499231100,1499231220,2.0
1499232240,1499232420,3.0
1499234580,1499234700,2.0
1499235420,1499235600,3.0
1499239140,1499239260,2.0
1499239500,1499239620,2.0
1499242200,1499242320,2.0
1499243160,1499243280,2.0
1499245020,1499245140,2.0
1499247540,1499247660,2.0
1499250300,1499250420,2.0
1499250780,1499250900,2.0
1499252460,1499252580,2.0
1499256600,1499256780,3.0
1499257020,1499257140,2.0
1499257200,1499257320,2.0
1499264520,1499264640,2.0
1499265300,1499265420,2.0
1499266860,1499266980,2.0
1499271000,1499271120,2.0
1499271120,1499271240,2.0
1499273520,1499273640,2.0
1499274300,1499274420,2.0
1499275620,1499275740,2.0
1499276880,1499277000,2.0
1499278140,1499278260,2.0
1499278320,1499278440,2.0
1499278500,1499278620,2.0
1499282040,1499282160,2.0
1499285520,1499285640,2.0
1499288760,1499288880,2.0
1499289240,1499289360,2.0
1499289900,1499290020,2.0
1499291760,1499291880,2.0
1499297100,1499297220,2.0
1499298840,1499298960,2.0
1499299260,1499299380,2.0
1499300460,1499300580,2.0
1499300700,1499300820,2.0
1499302080,1499302200,2.0
1499303040,1499303160,2.0
1499306220,1499306400,3.0
1499308500,1499308620,2.0
1499313960,1499314080,2.0
1499315160,1499315280,2.0
1499315520,1499315640,2.0
1499320680,1499320800,2.0
1499324220,1499324400,3.0
1499325300,1499325420,2.0
1499325780,1499325900,2.0
1499331600,1499331720,2.0
1499335140,1499335260,2.0
1499336640,1499336760,2.0
1499337480,1499337600,2.0
1499337660,1499337780,2.0
1499340540,1499340660,2.0
1499340720,1499340840,2.0
1499341260,1499341380,2.0
1499341620,1499341740,2.0
1499343480,1499343600,2.0
1499345220,1499345340,2.0
1499347920,1499348040,2.0
1499348400,1499348520,2.0
1499349780,1499349900,2.0
1499350260,1499350380,2.0
1499352960,1499353080,2.0
1499353080,1499353200,2.0
1499353380,1499353500,2.0
1499355540,1499355660,2.0
1499356320,1499356440,2.0
1499358900,1499359020,2.0
1499360880,1499361000,2.0
1499361240,1499361360,2.0
1499361420,1499361540,2.0
1499362440,1499362560,2.0
1499364060,1499364180,2.0
1499367420,1499367540,2.0
1499370420,1499370540,2.0
1499372340,1499372460,2.0
1499377800,1499377980,3.0
1499380620,1499380740,2.0
1499383620,1499383740,2.0
1499385900,1499386020,2.0
1499387640,1499387760,2.0
1499387940,1499388060,2.0
1499388120,1499388240,2.0
1499388780,1499388900,2.0
1499390640,1499390760,2.0
1499390940,1499391060,2.0
1499391300,1499391420,2.0
1499392020,1499392140,2.0
1499394300,1499394420,2.0
1499394660,1499394780,2.0
1499396580,1499396700,2.0
1499397240,1499397360,2.0
1499399040,1499399160,2.0
1499399460,1499399580,2.0
1499400300,1499400420,2.0
1499405880,1499406000,2.0
1499406420,1499406540,2.0
1499406660,1499406780,2.0
1499408580,1499408700,2.0
1499410440,1499410560,2.0
1499412360,1499412480,2.0
1499413260,1499413380,2.0
1499414820,1499414940,2.0
1499416320,1499416440,2.0
1499416860,1499416980,2.0
1499417100,1499417220,2.0
1499417820,1499417940,2.0
1499418480,1499418600,2.0
1499418600,1499418720,2.0
1499420100,1499420220,2.0
1499421000,1499421120,2.0
1499424360,1499424480,2.0
1499425920,1499426040,2.0
1499427600,1499427720,2.0
1499428020,1499428140,2.0
1499428620,1499428740,2.0
1499431260,1499431380,2.0
1499431740,1499431860,2.0
1499432040,1499432160,2.0
1499433240,1499433360,2.0
1499436000,1499436120,2.0
1499436660,1499436780,2.0
1499437020,1499437140,2.0
1499437560,1499437680,2.0
1499439240,1499439360,2.0
1499440860,1499440980,2.0
1499441340,1499441460,2.0
1499443080,1499443200,2.0
1499444040,1499444160,2.0
1499445780,1499445900,2.0
1499446800,1499446920,2.0
1499447460,1499447580,2.0
1499451120,1499451240,2.0
1499452920,1499453040,2.0
1499455140,1499455260,2.0
1499458380,1499458500,2.0
1499459100,1499459220,2.0
1499459940,1499460060,2.0
1499460240,1499460360,2.0
1499461980,1499462100,2.0
1499464680,1499464800,2.0
1499464920,1499465040,2.0
1499467920,1499468040,2.0
1499468760,1499468880,2.0
1499469360,1499469480,2.0
1499472180,1499472300,2.0
1499473140,1499473260,2.0
1499473560,1499473680,2.0
1499473920,1499474040,2.0
1499476320,1499476500,3.0
1499476740,1499476860,2.0
1499478360,1499478480,2.0
1499478900,1499479020,2.0
1499479020,1499479140,2.0
1499481120,1499481240,2.0
1499481300,1499481420,2.0
1499481420,1499481540,2.0
1499485980,1499486100,2.0
1499486220,1499486340,2.0
1499487420,1499487540,2.0
1499487600,1499487720,2.0
1499490120,1499490240,2.0
1499490840,1499490960,2.0
1499494800,1499494920,2.0
1499495460,1499495580,2.0
1499502480,1499502600,2.0
1499502660,1499502780,2.0
1499504460,1499504580,2.0
1499507880,1499508000,2.0
1499510940,1499511060,2.0
1499511780,1499511900,2.0
1499513580,1499513700,2.0
1499513820,1499513940,2.0
1499515200,1499515320,2.0
1499518980,1499519100,2.0
1499522820,1499522940,2.0
1499523180,1499523300,2.0
1499525820,1499525940,2.0
1499526180,1499526300,2.0
1499528160,1499528280,2.0
1499529000,1499529120,2.0
1499529240,1499529360,2.0
1499529540,1499529660,2.0
1499529900,1499530020,2.0
1499530260,1499530380,2.0
1499531460,1499531580,2.0
1499532900,1499533020,2.0
1499533320,1499533440,2.0
1499534280,1499534400,2.0
1499535420,1499535540,2.0
1499535540,1499535660,2.0
1499536560,1499536680,2.0
1499538000,1499538120,2.0
1499538660,1499538780,2.0
1499538900,1499539020,2.0
1499539920,1499540040,2.0
1499541840,1499541960,2.0
1499542080,1499542200,2.0
1499542200,1499542320,2.0
1499545500,1499545620,2.0
1499546160,1499546280,2.0
1499547060,1499547180,2.0
1499547660,1499547780,2.0
1499547960,1499548080,2.0
1499548500,1499548620,2.0
1499549340,1499549460,2.0
1499549460,1499549580,2.0
1499555400,1499555520,2.0
1499556480,1499556600,2.0
1499557380,1499557500,2.0
1499558640,1499558760,2.0
1499559120,1499559240,2.0
1499561640,1499561760,2.0
1499561940,1499562060,2.0
1499563260,1499563380,2.0
1499564340,1499564460,2.0
1499566800,1499566920,2.0
1499569620,1499569740,2.0
1499572320,1499572440,2.0
1499572440,1499572560,2.0
1499574540,1499574660,2.0
1499575020,1499575140,2.0
1499575620,1499575740,2.0
1499577060,1499577180,2.0
1499578260,1499578380,2.0
1499578560,1499578680,2.0
1499579580,1499579700,2.0
1499582340,1499582460,2.0
1499582880,1499583000,2.0
1499584440,1499584560,2.0
1499584680,1499584800,2.0
1499585400,1499585520,2.0
1499586060,1499586180,2.0
1499586960,1499587080,2.0
1499588520,1499588640,2.0
1499588940,1499589060,2.0
1499590620,1499590740,2.0
1499591520,1499591640,2.0
1499592000,1499592120,2.0
1499592660,1499592780,2.0
1499593140,1499593260,2.0
1499593620,1499593740,2.0
1499593980,1499594100,2.0
1499594280,1499594400,2.0
1499595000,1499595120,2.0
1499598300,1499598420,2.0
1499598600,1499598720,2.0
1499601120,1499601240,2.0
1499603820,1499603940,2.0
1499605980,1499606100,2.0
1499606220,1499606340,2.0
1499608380,1499608500,2.0
1499613960,1499614080,2.0
1499615760,1499615880,2.0
1499618880,1499619000,2.0
1499619600,1499619720,2.0
1499619720,1499619840,2.0
1499622900,1499623080,3.0
1499623920,1499624040,2.0
1499625600,1499625720,2.0
1499629500,1499629620,2.0
1499630340,1499630460,2.0
1499630460,1499630580,2.0
1499631000,1499631120,2.0
1499631120,1499631240,2.0
1499631240,1499631360,2.0
1499631780,1499631900,2.0
1499631900,1499632020,2.0
1499632320,1499632440,2.0
1499638440,1499638560,2.0
1499638860,1499638980,2.0
1499640180,1499640300,2.0
1499642040,1499642160,2.0
1499643660,1499643780,2.0
1499644380,1499644500,2.0
1499644800,1499644920,2.0
1499646420,1499646540,2.0
1499646780,1499646900,2.0
1499648280,1499648400,2.0
1499649180,1499649360,3.0
1499650740,1499650860,2.0
1499651940,1499652060,2.0
1499653440,1499653560,2.0
1499654040,1499654160,2.0
1499655420,1499655540,2.0
1499656260,1499656380,2.0
1499656860,1499656980,2.0
1499657160,1499657280,2.0
1499657700,1499657820,2.0
1499658780,1499658900,2.0
1499659560,1499659680,2.0
1499659860,1499659980,2.0
1499660160,1499660280,2.0
1499660280,1499662200,32.0
1499662860,1499662980,2.0
1499663160,1499663520,6.0
1499663520,1499663820,5.0
1499663820,1499663940,2.0
1499664060,1499664180,2.0
1499664180,1499664300,2.0
1499664300,1499666460,36.0
1499668980,1499669160,3.0
1499669820,1499669940,2.0
1499670000,1499670120,2.0
1499673300,1499673420,2.0
1499673600,1499673720,2.0
1499673960,1499674080,2.0
1499674200,1499674320,2.0
1499674560,1499674680,2.0
1499675100,1499675220,2.0
1499676420,1499676540,2.0
1499676540,1499676660,2.0
1499677260,1499677500,4.0
1499677980,1499678100,2.0
1499678280,1499678400,2.0
1499678940,1499679060,2.0
1499680380,1499680500,2.0
1499681580,1499681700,2.0
1499683320,1499683440,2.0
1499683980,1499684100,2.0
1499685240,1499685360,2.0
1499685660,1499685780,2.0
1499686140,1499686260,2.0
1499687040,1499687160,2.0
1499691900,1499692020,2.0
1499692020,1499692140,2.0
1499692440,1499692560,2.0
1499693280,1499693400,2.0
1499694060,1499694180,2.0
1499696580,1499696700,2.0
1499698980,1499699100,2.0
1499699940,1499700060,2.0
1499700960,1499701080,2.0
1499701080,1499701200,2.0
1499702880,1499703000,2.0
1499703060,1499703180,2.0
1499703660,1499703840,3.0
1499703900,1499704020,2.0
1499707020,1499707140,2.0
1499707380,1499707500,2.0
1499708640,1499708760,2.0
1499710080,1499710200,2.0
1499713440,1499713560,2.0
1499715300,1499715420,2.0
1499715720,1499715840,2.0
1499715900,1499716020,2.0
1499717460,1499717580,2.0
1499718360,1499718480,2.0
1499721480,1499721600,2.0
1499724840,1499724960,2.0
1499726040,1499726160,2.0
1499727180,1499727300,2.0
1499731440,1499731560,2.0
1499733180,1499733300,2.0
1499739900,1499740020,2.0
1499741580,1499741700,2.0
1499745120,1499745240,2.0
1499746740,1499746860,2.0
1499746920,1499747040,2.0
1499747160,1499747280,2.0
1499748180,1499748300,2.0
1499749260,1499749380,2.0
1499749980,1499750100,2.0
1499750220,1499750340,2.0
1499750340,1499750460,2.0
1499755500,1499755620,2.0
1499755860,1499755980,2.0
1499756400,1499756580,3.0
1499756580,1499756700,2.0
1499758380,1499758500,2.0
1499758620,1499758740,2.0
1499759160,1499759280,2.0
1499760600,1499760720,2.0
1499761380,1499761500,2.0
1499762640,1499762820,3.0
1499766480,1499766600,2.0
1499768640,1499768760,2.0
1499769660,1499769780,2.0
1499771040,1499771160,2.0
1499772840,1499772960,2.0
1499776920,1499777040,2.0
1499777880,1499778000,2.0
1499779020,1499779140,2.0
1499780400,1499780520,2.0
1499780760,1499780880,2.0
1499781060,1499781240,3.0
1499782080,1499782200,2.0
1499784240,1499784360,2.0
1499789520,1499789640,2.0
1499789760,1499789880,2.0
1499791080,1499791200,2.0
1499792520,1499792640,2.0
1499795160,1499795340,3.0
1499796240,1499796360,2.0
1499797680,1499797800,2.0
1499798160,1499798280,2.0
1499801460,1499801580,2.0
1499803920,1499804040,2.0
1499804400,1499804520,2.0
1499805180,1499805300,2.0
1499805300,1499805420,2.0
1499807520,1499807640,2.0
1499809560,1499809680,2.0
1499812080,1499812200,2.0
1499812380,1499812500,2.0
1499812680,1499812800,2.0
1499815500,1499815620,2.0
1499816640,1499816760,2.0
1499817480,1499817600,2.0
1499819220,1499819340,2.0
1499819460,1499819580,2.0
1499820480,1499820600,2.0
1499824020,1499824140,2.0
1499824140,1499824260,2.0
1499824800,1499824920,2.0
1499825400,1499825520,2.0
1499827920,1499828040,2.0
1499828880,1499829000,2.0
1499830500,1499830620,2.0
1499831040,1499831160,2.0
1499831880,1499832000,2.0
1499835720,1499835840,2.0
1499836860,1499836980,2.0
1499837160,1499837280,2.0
1499837580,1499837700,2.0
1499840820,1499840940,2.0
1499841660,1499841780,2.0
1499842140,1499842260,2.0
1499842680,1499842800,2.0
1499844240,1499844360,2.0
1499845200,1499845320,2.0
1499845380,1499845500,2.0
1499845620,1499845740,2.0
1499845860,1499845980,2.0
1499846100,1499846220,2.0
1499847300,1499847420,2.0
1499849400,1499849520,2.0
1499850540,1499850660,2.0
1499852460,1499852580,2.0
1499852760,1499852880,2.0
1499852880,1499853000,2.0
1499853300,1499853420,2.0
1499855160,1499855280,2.0
1499859000,1499859120,2.0
1499860500,1499860620,2.0
1499861520,1499861640,2.0
1499861640,1499861760,2.0
1499863620,1499863740,2.0
1499864820,1499864940,2.0
1499865960,1499866080,2.0
1499866140,1499866260,2.0
1499866440,1499866560,2.0
1499869200,1499869320,2.0
1499870580,1499870700,2.0
1499871780,1499871900,2.0
1499871960,1499872080,2.0
1499874660,1499874780,2.0
1499875560,1499875680,2.0
1499876820,1499876940,2.0
1499877480,1499877600,2.0
1499880420,1499880540,2.0
1499880840,1499880960,2.0
1499881860,1499881980,2.0
1499882880,1499883000,2.0
1499883900,1499884020,2.0
1499885340,1499885460,2.0
1499888160,1499888280,2.0
1499888280,1499888400,2.0
1499889060,1499889180,2.0
1499889660,1499889780,2.0
1499891220,1499891340,2.0
1499891880,1499892000,2.0
1499895060,1499895180,2.0
1499895540,1499895660,2.0
1499898540,1499898660,2.0
1499899020,1499899140,2.0
1499901420,1499901540,2.0
1499902080,1499902200,2.0
1499902200,1499902320,2.0
1499903940,1499904060,2.0
1499905680,1499905800,2.0
1499907120,1499907240,2.0
1499907540,1499907660,2.0
1499907840,1499907960,2.0
1499911680,1499911800,2.0
1499916240,1499916360,2.0
1499917440,1499917560,2.0
1499917680,1499917800,2.0
1499919480,1499919600,2.0
1499919900,1499920020,2.0
1499922240,1499922360,2.0
1499922960,1499923080,2.0
1499923500,1499923620,2.0
1499924520,1499924640,2.0
1499924760,1499924880,2.0
1499929020,1499929140,2.0
1499929380,1499929500,2.0
1499931540,1499931660,2.0
1499934180,1499934300,2.0
1499935440,1499935560,2.0
1499936040,1499936220,3.0
1499936460,1499936580,2.0
1499936880,1499937000,2.0
1499937000,1499937120,2.0
1499937300,1499937420,2.0
1499937960,1499938080,2.0
1499939880,1499940000,2.0
1499943000,1499943120,2.0
1499944020,1499944200,3.0
1499946360,1499946480,2.0
1499951640,1499951760,2.0
1499952480,1499952600,2.0
1499952660,1499952780,2.0
1499953920,1499954040,2.0
1499955300,1499955420,2.0
1499955660,1499955780,2.0
1499957280,1499957400,2.0
1499958240,1499958360,2.0
1499958600,1499958720,2.0
1499959020,1499959140,2.0
1499959980,1499960100,2.0
1499961240,1499961360,2.0
1499961480,1499961600,2.0
1499962200,1499962320,2.0
1499965980,1499966160,3.0
1499966400,1499966580,3.0
1499966640,1499966760,2.0
1499967420,1499967540,2.0
1499968740,1499968860,2.0
1499971560,1499971680,2.0
1499973480,1499973660,3.0
1499974020,1499974140,2.0
1499974440,1499974560,2.0
1499974680,1499974800,2.0
1499974920,1499975040,2.0
1499982900,1499983020,2.0
1499987280,1499987400,2.0
1499987640,1499987760,2.0
1499988060,1499988180,2.0
1499989080,1499989200,2.0
1499989560,1499989680,2.0
1499990280,1499990400,2.0
1499991960,1499992080,2.0
1499992920,1499993040,2.0
1499993820,1499993940,2.0
1499996340,1499996460,2.0
1499997720,1499997840,2.0
1499998740,1499998860,2.0
1499998980,1499999100,2.0
1499999160,1499999280,2.0
1500002160,1500002280,2.0
1500002820,1500002940,2.0
1500005400,1500005520,2.0
1500006720,1500006840,2.0
1500007500,1500007620,2.0
1500011400,1500011520,2.0
1500012240,1500012360,2.0
1500013560,1500013680,2.0
1500013920,1500014040,2.0
1500015780,1500015900,2.0
1500016320,1500016440,2.0
1500016800,1500016920,2.0
1500022020,1500022140,2.0
1500023940,1500024060,2.0
1500025980,1500026100,2.0
1500026520,1500026640,2.0
1500027000,1500027120,2.0
1500028320,1500028440,2.0
1500028620,1500028740,2.0
1500028860,1500028980,2.0
1500028980,1500029100,2.0
1500029520,1500029640,2.0
1500030660,1500030780,2.0
1500032460,1500032580,2.0
1500033060,1500033180,2.0
1500035460,1500035580,2.0
1500036180,1500036300,2.0
1500036600,1500036720,2.0
1500037200,1500037320,2.0
1500039780,1500039900,2.0
1500040320,1500040500,3.0
1500042720,1500042840,2.0
1500042840,1500042960,2.0
1500045480,1500045600,2.0
1500046860,1500046980,2.0
1500048360,1500048480,2.0
1500049320,1500049440,2.0
1500050580,1500050700,2.0
1500053400,1500053520,2.0
1500056640,1500056760,2.0
1500059040,1500059160,2.0
1500060060,1500060180,2.0
1500061440,1500061560,2.0
1500061980,1500062160,3.0
1500062160,1500062280,2.0
1500063540,1500063660,2.0
1500063660,1500063780,2.0
1500063900,1500064020,2.0
1500064440,1500064560,2.0
1500067380,1500067500,2.0
1500067560,1500067680,2.0
1500069540,1500069660,2.0
1500070620,1500070740,2.0
1500071820,1500071940,2.0
1500072480,1500072600,2.0
1500073800,1500073920,2.0
1500074100,1500074220,2.0
1500075300,1500075420,2.0
1500076020,1500076140,2.0
1500076260,1500076380,2.0
1500076500,1500076620,2.0
1500079320,1500079440,2.0
1500079860,1500079980,2.0
1500080820,1500080940,2.0
1500082740,1500082860,2.0
1500084420,1500084540,2.0
1500084960,1500085080,2.0
1500085200,1500085320,2.0
1500085500,1500085620,2.0
1500086880,1500087000,2.0
1500089160,1500089280,2.0
1500089640,1500089760,2.0
1500091380,1500091500,2.0
1500091980,1500092100,2.0
1500093540,1500093660,2.0
1500095280,1500095400,2.0
1500095880,1500096000,2.0
1500096420,1500096600,3.0
1500100320,1500100440,2.0
1500101460,1500101580,2.0
1500102180,1500102300,2.0
1500104880,1500105000,2.0
1500106260,1500106380,2.0
1500106920,1500107040,2.0
1500107280,1500107400,2.0
